{"name": "corr__RandomForestClassifier", "features_set": "corr", "n_features": 8, "model": "RandomForestClassifier", "accuracy": 0.7876106194690266, "f1": 0.8000000000000002, "precision": 0.8, "recall": 0.8, "precision_true": [0.8], "recall_true": [0.8], "f1_score_true": [0.8000000000000002], "precision_false": [0.7735849056603774], "recall_false": [0.7735849056603774], "f1_score_false": [0.7735849056603775], "cv_scores": [0.7999999999999999, 0.78, 0.8222222222222222, 0.8297872340425533, 0.9038461538461539], "mean_f1": 0.8271711220221858, "development": "baseline"}