{"name": "corr__RandomForestClassifier(random_state=4", "features_set": "corr", "n_features": 8, "model": "RandomForestClassifier(random_state=4", "accuracy": 0.7876106194690266, "f1": 0.8032786885245902, "precision": 0.7903225806451613, "recall": 0.8166666666666667, "precision_true": [0.7903225806451613], "recall_true": [0.8166666666666667], "f1_score_true": [0.8032786885245902], "precision_false": [0.7843137254901961], "recall_false": [0.7547169811320755], "f1_score_false": [0.7692307692307693], "cv_scores": [0.8125, 0.7551020408163265, 0.7777777777777778, 0.851063829787234, 0.9292929292929293], "mean_f1": 0.8251473155348534, "development": "baseline"}