{"name": "corr__LogisticRegression", "features_set": "corr", "n_features": 8, "model": "LogisticRegression", "accuracy": 0.7345132743362832, "f1": 0.7457627118644068, "precision": 0.7586206896551724, "recall": 0.7333333333333333, "precision_true": [0.7586206896551724], "recall_true": [0.7333333333333333], "f1_score_true": [0.7457627118644068], "precision_false": [0.7090909090909091], "recall_false": [0.7358490566037735], "f1_score_false": [0.7222222222222222], "cv_scores": [0.7128712871287128, 0.723404255319149, 0.6956521739130435, 0.7578947368421053, 0.8], "mean_f1": 0.7379644906406021, "development": "baseline"}