{"name": "corr__SVC", "features_set": "corr", "n_features": 8, "model": "SVC", "accuracy": 0.7522123893805309, "f1": 0.7586206896551724, "precision": 0.7857142857142857, "recall": 0.7333333333333333, "precision_true": [0.7857142857142857], "recall_true": [0.7333333333333333], "f1_score_true": [0.7586206896551724], "precision_false": [0.7192982456140351], "recall_false": [0.7735849056603774], "f1_score_false": [0.7454545454545455], "cv_scores": [0.74, 0.7368421052631579, 0.6813186813186812, 0.7045454545454546, 0.8387096774193549], "mean_f1": 0.7402831837093297, "development": "baseline"}