{"name": "corr__KNeighborsClassifier", "features_set": "corr", "n_features": 8, "model": "KNeighborsClassifier", "accuracy": 0.7876106194690266, "f1": 0.8125, "precision": 0.7647058823529411, "recall": 0.8666666666666667, "precision_true": [0.7647058823529411], "recall_true": [0.8666666666666667], "f1_score_true": [0.8125], "precision_false": [0.8222222222222222], "recall_false": [0.6981132075471698], "f1_score_false": [0.7551020408163266], "cv_scores": [0.8200000000000001, 0.75, 0.7956989247311829, 0.845360824742268, 0.7924528301886793], "mean_f1": 0.8007025159324261, "development": "baseline"}