{"name": "kolmogorov_features__LogisticRegression", "features_set": "kolmogorov_features", "n_features": 28, "model": "LogisticRegression", "accuracy": 0.7610619469026548, "f1": 0.7692307692307692, "precision": 0.7894736842105263, "recall": 0.75, "precision_true": [0.7894736842105263], "recall_true": [0.75], "f1_score_true": [0.7692307692307692], "precision_false": [0.7321428571428571], "recall_false": [0.7735849056603774], "f1_score_false": [0.7522935779816513], "cv_scores": [0.7809523809523811, 0.816326530612245, 0.7126436781609194, 0.7755102040816326, 0.8484848484848485], "mean_f1": 0.7867835284584054, "development": "baseline"}