{"name": "kolmogorov_features__LogisticRegression", "features_set": "kolmogorov_features", "n_features": 28, "model": "LogisticRegression", "accuracy": 0.7699115044247787, "f1": 0.7796610169491526, "precision": 0.7931034482758621, "recall": 0.7666666666666667, "precision_true": [0.7931034482758621], "recall_true": [0.7666666666666667], "f1_score_true": [0.7796610169491526], "precision_false": [0.7454545454545455], "recall_false": [0.7735849056603774], "f1_score_false": [0.7592592592592593], "cv_scores": [0.780952380952381, 0.8163265306122449, 0.7126436781609196, 0.7755102040816326, 0.8484848484848485], "mean_f1": 0.7867835284584053, "development": "baseline"}