{"name": "kolmogorov_features__RandomForestClassifier", "features_set": "kolmogorov_features", "n_features": 28, "model": "RandomForestClassifier", "accuracy": 0.8230088495575221, "f1": 0.8245614035087719, "precision": 0.8703703703703703, "recall": 0.7833333333333333, "precision_true": [0.8703703703703703], "recall_true": [0.7833333333333333], "f1_score_true": [0.8245614035087719], "precision_false": [0.7796610169491526], "recall_false": [0.8679245283018868], "f1_score_false": [0.8214285714285715], "cv_scores": [0.7999999999999999, 0.7959183673469388, 0.7954545454545454, 0.8333333333333334, 0.9], "mean_f1": 0.8249412492269637, "development": "baseline"}