{"name": "kolmogorov_features__KNeighborsClassifier", "features_set": "kolmogorov_features", "n_features": 28, "model": "KNeighborsClassifier", "accuracy": 0.6991150442477876, "f1": 0.7213114754098361, "precision": 0.7096774193548387, "recall": 0.7333333333333333, "precision_true": [0.7096774193548387], "recall_true": [0.7333333333333333], "f1_score_true": [0.7213114754098361], "precision_false": [0.6862745098039216], "recall_false": [0.660377358490566], "f1_score_false": [0.6730769230769231], "cv_scores": [0.7999999999999999, 0.6947368421052632, 0.7777777777777777, 0.7199999999999999, 0.7422680412371135], "mean_f1": 0.7469565322240308, "development": "baseline"}