{"name": "kolmogorov_features__RandomForestClassifier(random_state=4", "features_set": "kolmogorov_features", "n_features": 28, "model": "RandomForestClassifier(random_state=4", "accuracy": 0.8407079646017699, "f1": 0.8448275862068966, "precision": 0.875, "recall": 0.8166666666666667, "precision_true": [0.875], "recall_true": [0.8166666666666667], "f1_score_true": [0.8448275862068966], "precision_false": [0.8070175438596491], "recall_false": [0.8679245283018868], "f1_score_false": [0.8363636363636363], "cv_scores": [0.816326530612245, 0.8, 0.7816091954022988, 0.845360824742268, 0.9072164948453607], "mean_f1": 0.8301026091204345, "development": "baseline"}