{"name": "kolmogorov_features__SVC", "features_set": "kolmogorov_features", "n_features": 28, "model": "SVC", "accuracy": 0.7433628318584071, "f1": 0.7603305785123967, "precision": 0.7540983606557377, "recall": 0.7666666666666667, "precision_true": [0.7540983606557377], "recall_true": [0.7666666666666667], "f1_score_true": [0.7603305785123967], "precision_false": [0.7307692307692307], "recall_false": [0.7169811320754716], "f1_score_false": [0.7238095238095238], "cv_scores": [0.8080808080808081, 0.8282828282828283, 0.7252747252747253, 0.8125, 0.8571428571428571], "mean_f1": 0.8062562437562437, "development": "baseline"}