{"name": "rdfc__RandomForestClassifier", "features_set": "rdfc", "n_features": 14, "model": "RandomForestClassifier", "accuracy": 0.8938053097345132, "f1": 0.896551724137931, "precision": 0.9285714285714286, "recall": 0.8666666666666667, "precision_true": [0.9285714285714286], "recall_true": [0.8666666666666667], "f1_score_true": [0.896551724137931], "precision_false": [0.8596491228070176], "recall_false": [0.9245283018867925], "f1_score_false": [0.8909090909090909], "cv_scores": [0.8631578947368421, 0.8247422680412372, 0.8045977011494253, 0.8695652173913043, 0.9484536082474228], "mean_f1": 0.8621033379132463, "development": "baseline"}