{"name": "rdfc__KNeighborsClassifier", "features_set": "rdfc", "n_features": 14, "model": "KNeighborsClassifier", "accuracy": 0.8584070796460177, "f1": 0.8620689655172413, "precision": 0.8928571428571429, "recall": 0.8333333333333334, "precision_true": [0.8928571428571429], "recall_true": [0.8333333333333334], "f1_score_true": [0.8620689655172413], "precision_false": [0.8245614035087719], "recall_false": [0.8867924528301887], "f1_score_false": [0.8545454545454545], "cv_scores": [0.8888888888888888, 0.8484848484848485, 0.8602150537634409, 0.7961165048543689, 0.845360824742268], "mean_f1": 0.8478132241467631, "development": "baseline"}