{"name": "rdfc__LogisticRegression", "features_set": "rdfc", "n_features": 14, "model": "LogisticRegression", "accuracy": 0.8230088495575221, "f1": 0.8333333333333334, "precision": 0.8333333333333334, "recall": 0.8333333333333334, "precision_true": [0.8333333333333334], "recall_true": [0.8333333333333334], "f1_score_true": [0.8333333333333334], "precision_false": [0.8113207547169812], "recall_false": [0.8113207547169812], "f1_score_false": [0.8113207547169812], "cv_scores": [0.8076923076923077, 0.8269230769230769, 0.7032967032967034, 0.7872340425531915, 0.88], "mean_f1": 0.8010292260930558, "development": "baseline"}