{"name": "rdfc__RandomForestClassifier(random_state=4", "features_set": "rdfc", "n_features": 14, "model": "RandomForestClassifier(random_state=4", "accuracy": 0.8761061946902655, "f1": 0.8793103448275861, "precision": 0.9107142857142857, "recall": 0.85, "precision_true": [0.9107142857142857], "recall_true": [0.85], "f1_score_true": [0.8793103448275861], "precision_false": [0.8421052631578947], "recall_false": [0.9056603773584906], "f1_score_false": [0.8727272727272727], "cv_scores": [0.888888888888889, 0.8316831683168316, 0.8045977011494253, 0.8421052631578947, 0.9292929292929293], "mean_f1": 0.8593135901611939, "development": "baseline"}