{"name": "rdfc__SVC", "features_set": "rdfc", "n_features": 14, "model": "SVC", "accuracy": 0.831858407079646, "f1": 0.8429752066115702, "precision": 0.8360655737704918, "recall": 0.85, "precision_true": [0.8360655737704918], "recall_true": [0.85], "f1_score_true": [0.8429752066115702], "precision_false": [0.8269230769230769], "recall_false": [0.8113207547169812], "f1_score_false": [0.819047619047619], "cv_scores": [0.8461538461538461, 0.8514851485148515, 0.7727272727272727, 0.8367346938775511, 0.88], "mean_f1": 0.8374201922547042, "development": "baseline"}